Date;NH Budget;NH Actual;Sales Bud;Sales Act ; Sales Actual/Budget;NH Actual/Budget;Efficiency Bud ;Efficiency Act;Efficiency Actual/Budget;Production Calendar;Customer Calendar;ADC Calendar;Customer Consumption Last 12 week;Stock Plant : TIC Tool;CLIENT FORCAST S1;HC DIRECT;HC INDIRECT;ABS P;ABS NP;FLUCTUATION
01/01/2020;0,00000000;0,00000000;;;0%;0%;0%;0%;0%;;;;;;13992;;;;;
08/01/2020;29852,22603566;34812,97346528;;;0%;17%;77%;75%;-2%;;;;;;11678;;;;;
15/01/2020;23437,21828658;27331,94024915;;;0%;17%;77%;85%;10%;;;;;;14336;;;;;
22/01/2020;28391,73810025;33109,78631667;;;0%;17%;77%;92%;19%;;;;;;14195;;;;;
29/01/2020;25083,44592800;29251,73273398; 2 644 932 ; 3 007 360 ;14%;17%;77%;87%;12%;;;;;;13787;;;;;
05/02/2020;28079,98575101;31727,17331511;;;0%;13%;79%;88%;12%;;;;;;17253;;;;;
12/02/2020;30525,53777358;34490,36748333;;;0%;13%;79%;91%;14%;;;;;;20099;;;;;
19/02/2020;29375,39533647;33190,83803333;;;0%;13%;79%;86%;8%;;;;;;16488;;;;;
26/02/2020;28874,90036162;32625,33593689; 2 891 421 ; 3 301 209 ;14%;13%;79%;87%;10%;;;;;;15226;;;;;
04/03/2020;51987,82693852;33430,50480000;;;0%;-36%;79%;86%;9%;;;;;;16088;;;;;
11/03/2020;52771,84064601;33934,66078333;;;0%;-36%;79%;86%;10%;;;;;;16008;;;;;
18/03/2020;24682,22358896;15871,77696697;;;0%;-36%;79%;86%;10%;;;;;;15809;;;;;
25/03/2020;0,00000000;0,00000000; 3 180 114 ; 2 026 235 ;-36%;0%;82%;;-100%;;;;;;0;;;;;
01/04/2020;19831,48801097;0,00000000;;;0%;-100%;82%;;-100%;;;;;;0;;;;;
08/04/2020;19831,48801097;0,00000000;;;0%;-100%;82%;;-100%;;;;;;0;;;;;
15/04/2020;19831,48801097;0,00000000;;;0%;-100%;82%;;-100%;;;;;;0;;;;;
22/04/2020;19831,48801097;0,00000000;;;0%;-100%;82%;;-100%;;;;;;0;;;;;
29/04/2020;19831,48801097;0,00000000; 2 480 573 ; -   ;-100%;-100%;82%;;-100%;;;;;;0;;;;;
06/05/2020;14894,13445265;5487,94831667;;;0%;-63%;82%;41%;-50%;;;;;;3;;;;;
13/05/2020;40089,08448278;14771,37355000;;;0%;-63%;82%;76%;-8%;;;;;;126;;;;;
20/05/2020;23563,79354678;8682,40323333;;;0%;-63%;82%;83%;1%;;;;;;353;;;;;
27/05/2020;35879,61009028;13220,33491934; 2 849 649 ; 1 091 004 ;-62%;-63%;82%;87%;6%;;;;;;8571;;;;;
03/06/2020;28840,77925132;27888,27968333;;;0%;-3%;82%;87%;7%;;;;;;18404;;;;;
10/06/2020;29182,84306029;28219,04644560;;;0%;-3%;82%;84%;2%;;;;;;10786;;;;;
17/06/2020;28720,14941360;27771,63378333;;;0%;-3%;82%;85%;3%;;;;;;25197;;;;;
24/06/2020;36109,36174113;34916,80896165; 3 018 669 ; 2 864 453 ;-5%;-3%;82%;81%;-1%;;;;;;22632;;;;;
01/07/2020;30426,59497371;17348,07028333;;;0%;-43%;79%;89%;13%;;;;;;29262;;;;;
08/07/2020;40120,23874849;22875,01188333;;;0%;-43%;79%;81%;3%;;;;;;30256;;;;;
15/07/2020;27830,58860647;15867,92763333;;;0%;-43%;79%;71%;-10%;;;;;;19630;;;;;
22/07/2020;22750,07208818;12971,21317314;;;0%;-43%;79%;78%;-1%;;;;;;8738;;;;;
29/07/2020;0,00000000;0,00000000; 3 015 751 ; 1 758 592 ;-42%;0%;;0%;0%;;;;;;4696;;;;;
05/08/2020;0,00000000;0,00000000;;;0%;0%;;0%;0%;;;;;;5805;;;;;
12/08/2020;2768,79270497;5603,48976667;;;0%;102%;75%;76%;1%;;;;;;6232;;;;;
19/08/2020;11493,81992616;23261,22220000;;;0%;102%;75%;76%;1%;;;;;;9391;;;;;
26/08/2020;16190,32405083;32766,01927433; 825 831 ; 1 400 747 ;70%;102%;75%;76%;1%;;;;;;12172;;;;;
02/09/2020;11600,20040761;19063,87940000;;;0%;64%;78%;78%;0%;;;;;;18959;;;;;
09/09/2020;15452,88984203;25395,42576667;;;0%;64%;78%;79%;1%;;;;;;23747;;;;;
16/09/2020;14393,10949076;23653,77268333;;;0%;64%;78%;78%;0%;;;;;;25075;;;;;
23/09/2020;27732,00682156;45575,04310178;;;0%;64%;78%;82%;5%;;;;;;25367;;;;;
30/09/2020;8506,85743752;13980,25021667; 1 876 689 ; 2 662 787 ;42%;64%;80%;82%;3%;;;;;;28256;;;;;
07/10/2020;29719,38314483;32137,85371667;;;0%;8%;80%;82%;2%;;;;;;26835;;;;;
14/10/2020;30381,21789971;32853,54651667;;;0%;8%;80%;82%;3%;;;;;;27286;;;;;
21/10/2020;29827,72577653;32255,01293333;;;0%;8%;80%;82%;3%;;;;;;24795;;;;;
28/10/2020;26955,62421026;29149,18871260; 2 867 442 ; 3 444 081 ;20%;8%;80%;83%;4%;;;;;;25032;;;;;
04/11/2020;28521,42561748;32280,21583888;;;0%;13%;80%;83%;3%;;;;;;24607;;;;;
11/11/2020;26796,54513408;30328,01628731;;;0%;13%;80%;83%;4%;;;;;;45602;;;;;
18/11/2020;25310,83590717;28646,50796575;;;0%;13%;80%;83%;4%;;;;;;27149;;;;;
25/11/2020;23069,90100868;26110,24406456; 2 528 875 ; 2 827 637 ;12%;13%;80%;83%;3%;;;;;;18125;;;;;
02/12/2020;29104,66259996;27146,99323333;;;0%;-7%;79%;83%;5%;;;;;;27182;;;;;
09/12/2020;36560,34009530;34101,17886667;;;0%;-7%;79%;89%;12%;;;;;;36342;;;;;
16/12/2020;30021,03064123;28001,72353402;;;0%;-7%;79%;90%;14%;;;;;;21676;;;;;
23/12/2020;0,00000000;0,00000000;;;0%;0%;;;0%;;;;;;4103;;;;;
30/12/2020;0,00000000;0,00000000; 2 350 500 ; 2 249 970 ;-4%;0%;;;0%;;;;;;;;;;;
06/01/2021;23821,13269980;25120,52956667;;;0%;5%;82%;71%;-14%;;0;;;;13831;;;;;
13/01/2021;18259,55703104;19255,58066667;;;0%;5%;82%;78%;-4%;;5;;;;32292;;;;;
20/01/2021;27145,26404321;28625,98586667;;;0%;5%;82%;84%;2%;;5;;;;28288;;;;;
27/01/2021;32523,96466328;34298,08423661; 1 579 609 ; 1 655 845 ;5%;5%;82%;85%;3%;;5;;;;27780;;;;;
03/02/2021;31624,26818545;30115,27698333;;;0%;-5%;85%;83%;-2%;;5;;;;28936;;;;;
10/02/2021;27133,64861654;25838,93290000;;;0%;-5%;85%;80%;-5%;;5;;;;32407;;;;;
17/02/2021;25585,85047402;24364,98986667;;;0%;-5%;85%;88%;4%;;2;;;;28398;;;;;
24/02/2021;33470,29141206;31873,21492077; 1 805 973 ; 1 745 222 ;-3%;-5%;85%;89%;5%;;5;;;;27900;;;;;
03/03/2021;28695,41436452;29065,83488333;;;0%;1%;85%;86%;2%;;5;;;;32319;;;;;
10/03/2021;31323,44579307;31727,79078333;;;0%;1%;85%;87%;3%;;5;;;;29636;;;;;
17/03/2021;26903,35294917;27250,64028333;;;0%;1%;85%;88%;3%;;5;;;;28694;;;;;
24/03/2021;31369,47942535;31774,41865000;;;0%;1%;85%;85%;0%;;5;;;;24450;;;;;
31/03/2021;17967,34199262;18199,27703486; 2 047 819 ; 2 107 989 ;3%;1%;85%;87%;3%;;3;;;;39035;;;;;
07/04/2021;36230,71410500;41375,66808333;;;0%;14%;84%;85%;1%;;0;;;;15426;;;;;
14/04/2021;23974,88620906;27379,44748333;;;0%;14%;84%;85%;1%;;5;;;;25437;;;;;
21/04/2021;26867,32098078;30682,62336667;;;0%;14%;84%;86%;2%;;5;;;;24052;;;;;
28/04/2021;22981,24392146;26244,70270944; 1 670 686 ; 1 991 381 ;19%;14%;84%;88%;5%;;5;;;;27931;;;;;
05/05/2021;30039,21433561;25829,96098333;;;0%;-14%;85%;87%;2%;;5;;;;15362;;;;;
12/05/2021;0,00000000;0,00000000;;;0%;0%;85%;0%;-100%;;3;;;;10365;;;;;
19/05/2021;16381,74936817;14086,25213333;;;0%;-14%;85%;88%;4%;;5;;;;18307;;;;;
26/05/2021;43759,64665065;37627,81386365; 1 421 523 ; 1 225 043 ;-14%;-14%;85%;87%;3%;;0;;;;13115;;;;;
02/06/2021;21130,92830373;21594,71446667;;;0%;2%;84%;87%;4%;;0;;;;33512;;;;;
09/06/2021;21391,36310792;21860,86535000;;;0%;2%;84%;88%;5%;;5;;;;24692;;;;;
16/06/2021;26680,59050644;27266,18185000;;;0%;2%;84%;86%;2%;;5;;;;47663;;;;;
23/06/2021;22409,52805450;22901,37720000;;;0%;2%;84%;86%;3%;;5;;;;36418;;;;;
30/06/2021;14917,06645972;15244,46944535; 1 609 759 ; 1 660 548 ;3%;2%;84%;92%;10%;;5;;;;24653;;;;;
07/07/2021;63684,74738222;41983,44156667;;;0%;-34%;82%;84%;2%;;5;;;;24523;;;;;
14/07/2021;44088,32820787;29064,72628333;;;0%;-34%;82%;83%;1%;;5;;;;29693;;;;;
21/07/2021;0,00000000;0,00000000;;;0%;0%;82%;0%;-100%;;5;;;;28018;;;;;
28/07/2021;33620,13713547;22163,69100782; 2 119 297 ; 1 379 620 ;-35%;-34%;82%;83%;2%;;5;;;;24888;;;;;
04/08/2021;13964,93288829;27113,28921667;;;0%;94%;75%;84%;11%;;5;;;;24294;;;;;
11/08/2021;11629,33011646;22578,65421667;;;0%;94%;75%;84%;12%;;0;;;;15982;;;;;
18/08/2021;14751,28095371;28640,00493333;;;0%;94%;75%;85%;13%;;0;;;;18284;;;;;
25/08/2021;11626,77806116;22573,69933333; 918 334 ; 1 689 137 ;84%;94%;75%;83%;10%;;5;;;;29757;;;;;
01/09/2021;4984,33721145;9677,22347458;;;0%;94%;75%;89%;18%;;5;;;;38263;;;;;
08/09/2021;49308,14313082;39860,10846667;;;0%;-19%;80%;91%;14%;;5;;;;34938;;;;;
15/09/2021;24641,23307195;19919,67575000;;;0%;-19%;80%;91%;13%;;4;;;;31878;;;;;
22/09/2021;33830,45727838;27348,13381667;;;0%;-19%;80%;89%;11%;;5;;;;31111;;;;;
29/09/2021;15017,22333407;12139,74230131; 1 825 640 ; 1 542 920 ;-15%;-19%;80%;90%;12%;;5;;;;48055;;;;;
06/10/2021;44505,23100446;26267,14344273;;;0%;-41%;82%;91%;12%;;5;;;;29112;;;;;
13/10/2021;43279,73900582;25543,85376667;;;0%;-41%;82%;91%;11%;;5;;;;22464;;;;;
20/10/2021;19503,60520216;11511,09620000;;;0%;-41%;82%;91%;11%;;5;;;;24305;;;;;
27/10/2021;24804,67589108;14639,80671432; 1 990 995 ; 1 247 920 ;-37%;-41%;82%;93%;14%;;5;;;;27605;;;;;
03/11/2021;24744,98145886;25310,64351667;;;0%;2%;82%;85%;4%;;5;;;;43768;;;;;
10/11/2021;28783,47875201;29441,45951667;;;0%;2%;82%;86%;4%;;5;;;;29284;;;;;
17/11/2021;30928,98174939;31636,00800000;;;0%;2%;82%;86%;5%;;5;;;;29976;;;;;
24/11/2021;41581,09418341;42531,62418646; 1 901 515 ; 1 944 745 ;2%;2%;82%;91%;12%;;5;;;;25807;;;;;
01/12/2021;0,00000000;0,00000000;;;0%;0%;;;0%;;5;;;;42381;;;;;
08/12/2021;46167,69535464;37119,83700000;;;0%;-20%;80%;89%;11%;;;;;;25583;;;;;
15/12/2021;25402,96158928;20424,53681667;;;0%;-20%;80%;89%;11%;;;;;;8533;;;;;
22/12/2021;513,64127152;412,97881839;;;0%;-20%;80%;84%;4%;;;;;;8719;;;;;
29/12/2021;0,00000000;0,00000000; 1 168 443 ; 1 007 247 ;-14%;0%;;;0%;;;;;;0;;;;;
05/01/2022;27118,29658745;32393,36703333;;;0%;19%;88%;88%;0%;4,2;2;3;4349732,236;1355818;26753;1073;137;0,113830165;0,048508058;0
12/01/2022;28748,26472053;34340,39773333;;;0%;19%;88%;88%;0%;4,2;4,55;5;3358129,319;1064038;36147;1053;137;0,112448319;0,036356513;0,024590164
19/01/2022;24781,35283984;29601,83931667;;;0%;19%;88%;85%;-4%;4,2;5,05;5;3798997,02;1064660;35250;1065;137;0,130184484;0,041416805;0,005789909
26/01/2022;30136,29220293;35998,42531426; 2 794 000 ; 3 063 002 ;10%;19%;88%;92%;5%;4,2;5,05;5;4224592,946;1143409;34308;1063;137;0,080449167;0,04373625;0,008264463
02/02/2022;27715,77281873;27731,70048333;;;0%;0%;90%;90%;0%;4,2;5,05;5;4188380,794;1197153;37060;1051;137;0,10869697;0,045730219;0,012468828
09/02/2022;32554,45834584;32573,16670000;;;0%;0%;90%;90%;0%;5,5;5;5;3922711,285;1165991;38641;1046;136;0,087009095;0,045427876;0,006722689
16/02/2022;30856,21858807;30873,95100000;;;0%;0%;90%;90%;0%;4,2;4,7;5;4282514,951;1328606;40200;1071;136;0,136592787;0,034645192;0
23/02/2022;33564,45023009;33583,73900509; 3 167 000 ; 3 135 348 ;-1%;0%;90%;90%;0%;3,9;5,05;5;4341605,543;1400365;34194;1110;135;0,163559438;0,046064257;0,004796163
02/03/2022;20046,68285122;14437,17468333;;;0%;-28%;89%;89%;0%;5;5,05;5;4911758,638;1436534;32235;1107;135;0,405199678;0,045773953;0,004807692
09/03/2022;24084,20595418;17344,90893333;;;0%;-28%;89%;89%;0%;2,3;5;5;5190706,052;1595260;34665;1102;135;0,447449879;0,031594988;0,003223207
16/03/2022;34243,68616888;24661,54040000;;;0%;-28%;89%;89%;0%;3,9;5,05;5;5155014,054;1614800;34011;1104;135;0,277630145;0,03684322;0
23/03/2022;36658,49693221;26400,63335000;;;0%;-28%;89%;90%;1%;4,2;5;5;5541245,115;1714488;34395;1101;134;0,217446356;0,039313968;0,004032258
30/03/2022;24700,69731096;17788,89228333; 3 493 000 ; 2 534 640 ;-27%;-28%;89%;92%;3%;3,9;4,4;5;7120694,086;1702929;46951;1095;134;0,225858828;0,042035598;0,0048583
06/04/2022;41833,57743455;41873,99296667;;;0%;0%;90%;91%;1%;5,25;4,4;5;6011098,003;1652264;29101;1092;133;0,061136122;0,045392653;0,00648824
13/04/2022;30160,48097789;30189,61910000;;;0%;0%;90%;91%;1%;3,8;5;5;6109817,332;1873203;20586;1083;131;0,140342051;0,038512768;0,005733006
20/04/2022;26120,45668960;26145,69173333;;;0%;0%;90%;87%;-3%;0;5;5;6095902,617;2067655;23103;1080;130;0,154993595;0,046389463;0,001650165
27/04/2022;16291,59701020;16307,33636606; 2 892 000 ; 3 068 757 ;6%;0%;90%;98%;9%;0;4,8;5;5775320,364;1964832;51963;1082;138;0,501320082;0,030366393;0,002452984
04/05/2022;14087,57075036;10153,39151667;;;0%;-28%;90%;91%;1%;5;4,95;5;5522371,854;1632293;25366;1082;138;0,297233402;0,028961885;0,000819001
11/05/2022;35788,82595964;25794,22445000;;;0%;-28%;90%;91%;1%;5;3,45;5;4943998,157;1229934;24330;1076;138;0,152561779;0,041088756;0,004918033
18/05/2022;31982,37406141;23050,78506667;;;0%;-28%;90%;91%;1%;5;4,05;5;4951224,382;1430594;24287;1069;138;0,202822701;0,050642295;0,007401316
25/05/2022;51171,95578543;36881,36946888; 3 357 000 ; 2 267 526 ;-32%;-28%;90%;90%;1%;5;2,05;5;4900963,57;1417639;18591;1062;139;20,54%;4,45%;0,58%
01/06/2022;12035,27261936;13758,85035000;;;0%;14%;84%;84%;1%;5,1;2,8;5;5113524,627;1564114;50068;1058;135;21,24%;4,07%;0,58%
08/06/2022;24028,65326092;27469,80935000;;;0%;14%;84%;85%;1%;5,1;4,51;5;5367194,773;1509391;22468;1046;135;13,08%;4,96%;0,59%
15/06/2022;24106,39424965;27558,68366667;;;0%;14%;84%;84%;0%;5,25;4,91;5;4942148,103;1056668;19216;1036;136;10,16%;4,12%;0,76%
22/06/2022;24328,22559865;27812,28360000;;;0%;14%;84%;84%;0%;5,25;5,01;5;4838724,984;1570821;25480;1036;136;6,73%;4,53%;0,34%
29/06/2022;19585,16637487;22389,96836667; 2 526 000 ; 2 797 296 ;11%;14%;84%;85%;1%;5,25;4,6;5;4788251,386;1514581;20375;1036;135;9,45%;5,80%;0,09%
06/07/2022;33193,07141978;25040,39000000;;;0%;-25%;86%;87%;1%;5,25;4,55;5;4928758,092;1581197;9896;1033;134;33,23%;4,98%;0,51%
13/07/2022;16126,09379600;12165,30018333;;;0%;-25%;86%;87%;1%;4,2;4,91;5;4951280,717;1443436;22732;1029;134;57,12%;5,28%;0,34%
20/07/2022;38391,35628856;28961,90358333;;;0%;-25%;86%;87%;1%;5,75;4,65;5;4925967,393;1034743;16210;993;129;7,28%;1,57%;0,00%
27/07/2022;27642,03931883;20852,76882592; 2 789 000 ; 2 198 512 ;-21%;-25%;86%;87%;1%;4,8;4,06;5;5603551,249;1522224;16341;972;129;12,56%;5,56%;0,21%
03/08/2022;20348,53842725;23219,56895000;;;0%;14%;86%;90%;4%;3;2,1;5;5923388,425;1399221;8784;966;130;19,15%;5,75%;0,45%
10/08/2022;12074,16424184;13777,74085000;;;0%;14%;86%;90%;5%;0;1,6;5;6004760,398;1529784;15778;962;129;50,32%;3,49%;0,18%
17/08/2022;0,00000000;0,00000000;;;0%;0%;86%;0%;-100%;0;2,4;5;6091110,583;1594346;32205;959;129;44,16%;1,88%;0,09%
24/08/2022;25288,65272446;28856,69738333;;;0%;14%;86%;90%;5%;5,25;4,65;5;5651121,552;1390848;24316;963;129;6,86%;5,02%;0,31%
31/08/2022;14883,99442174;16984,01759727; 1 848 000 ; 1 984 680 ;7%;14%;86%;92%;6%;5,25;5;5;5923327,242;1722963;29131;952;129;18,49%;5,52%;0,83%
07/09/2022;39384,79804595;38107,34405000;;;0%;-3%;86%;92%;7%;5,25;5;5;6079303,116;1705286;29436;970;127;7,98%;5,86%;0,31%
14/09/2022;22992,99832956;22247,21571667;;;0%;-3%;86%;92%;7%;4;5;5;6118940,919;1764486;30819;954;127;25,55%;5,78%;1,04%
21/09/2022;27396,12263544;26507,52378333;;;0%;-3%;86%;91%;5%;5,1;5;5;5798036,407;1896944;28195;950;128;11,97%;4,95%;0,11%
28/09/2022;25046,63446757;24234,24174568; 2 777 000 ; 2 819 753 ;2%;-3%;86%;92%;6%;5,1;4,9;5;6095945,444;1626314;28286;948;129;15,24%;4,54%;0,42%
05/10/2022;28529,07760043;26507,52378333;;;0%;-7%;87%;93%;7%;5;4,8;5;6099700,339;1430322;29136;953;129;9,42%;4,63%;0,09%
12/10/2022;28576,60358035;26551,68210000;;;0%;-7%;87%;93%;7%;5,1;4,45;5;6533781,456;1593518;27852;957;129;10,71%;5,89%;0,18%
19/10/2022;24825,77207880;23066,63233333;;;0%;-7%;87%;93%;7%;5;4,55;5;6447841,363;1491836;43463;951;129;9,50%;4,60%;0,37%
26/10/2022;23735,24499588;22053,37936415; 2 573 000 ; 2 419 113 ;-6%;-7%;87%;93%;6%;3,5;4,81;5;6346557,729;1461060;27897;945;128;27,98%;3,38%;0,37%
02/11/2022;18914,82705501;21001,28201667;;;0%;11%;87%;93%;7%;3,25;4,25;5;6263788,371;1259204;24647;932;128;26,49%;3,60%;0,47%
09/11/2022;26129,54475440;29011,84011667;;;0%;11%;87%;93%;7%;5,25;5,05;5;6259090,645;1233872;25332;932;128;8,22%;4,57%;0,19%
16/11/2022;24940,72296326;27691,88188333;;;0%;11%;87%;110%;27%;5,25;4,9;5;6888958,289;618655;37805;931;128;9,65%;4,03%;0,19%
23/11/2022;24715,93770442;27442,30103333;;;0%;11%;87%;110%;27%;5,25;5;5;6948944,386;1295528;23766;930;127;17,02%;3,59%;0,00%
30/11/2022;14233,74816309;15803,84311513; 2 646 000 ; 2 907 838 ;10%;11%;87%;110%;27%;5,1;5;5;6816889,843;1199959;19749;928;127;18,35%;3,64%;0,19%
07/12/2022;69183,02086935;34307,04910000;;;0%;-50%;86%;110%;28%;5;4,85;5;7141760,102;1559782;16591;930;127;30,18%;3,44%;0,00%
14/12/2022;19185,44981755;9513,83967664;;;0%;-50%;86%;84%;-2%;0;5,1;5;6831027,481;1311245;2410;931;127;62,71%;1,32%;0,09%
21/12/2022;0,00000000;0,00000000;;;0%;0%;;;0%;0;2,05;0;6416810,766;988337;56725;932;128;98,05%;0,72%;0,00%
28/12/2022;0,00000000;0,00000000; 2 201 000 ; 1 090 115 ;-50%;0%;;;0%;0;0,8;0;;;;913;126;98,15%;0,79%;0,00%
04/01/2023;19018,48890152;26170,89061667;;;0%;38%;90%;90%;0%;5,5;2;2;5243117,643;871571,3896;15998;913;126;19,03%;5,82%;0,00%
11/01/2023;23231,75198209;31968,66181667;;;0%;38%;90%;100%;11%;5,25;3;3;5523555,35;1276446,367;15184;904;127;8,24%;6,00%;0,58%
18/01/2023;22715,62065770;31258,42576667;;;0%;38%;90%;97%;8%;5,25;5;5;5749870,572;1507209,446;25467;899;127;6,05%;5,24%;0,29%
25/01/2023;27288,13845868;37550,55885000; 2 081 365 ; 2 854 264 ;37%;38%;90%;93%;4%;5,2;5;5;5922219,44;1515001,063;27511;899;127;8,95%;8,33%;0,00%
01/02/2023;18922,25962649;16767,00000000;;;0%;-11%;91%;95%;4%;5;5;5;6016496,153;1535830,422;26615;897;127;9,58%;11,72%;0,39%
08/02/2023;34192,55812986;30298,00000000;;;0%;-11%;91%;95%;4%;5,5;4;5;5709703,484;1456971,642;27097;896;127;7,44%;7,41%;0,10%
15/02/2023;33360,82285553;29561,00000000;;;0%;-11%;91%;95%;4%;4,5;0;0;5553895,895;1530725,523;33591;895;127;9,96%;5,33%;0,20%
22/02/2023;51080,05696989;45262,00000000; 3 056 365 ; 2 695 507 ;-12%;-11%;91%;113%;23%;4,75;4;5;5215385,391;1563183,015;29629;893;127;17,10%;4,08%;0,20%
01/03/2023;18267,85111556;17328,59978038;;;0%;-5%;91%;102%;13%;4,5;4;5;5160456,31;1541200,623;29943;889;127;11,94%;4,65%;0,10%
08/03/2023;35174,45304333;33365,93972798;;;0%;-5%;91%;104%;14%;5;5;5;5441169,405;1524039,087;27194;885;127;6,06%;4,17%;0,10%
15/03/2023;35808,38861382;33967,28116207;;;0%;-5%;91%;101%;11%;5;5;5;5894626,683;1600079,953;26121;883;126;5,95%;3,18%;0,10%
22/03/2023;29940,45316607;28401,04875367;;;0%;-5%;91%;100%;10%;4;4;5;6540769,319;1625608,457;24748;882;126;4,28%;3,07%;0,30%
29/03/2023;32219,85406122;30563,25303273; 3 351 365 ; 3 256 354 ;-3%;-5%;91%;97%;7%;5;5;5;6979119,553;1506706,509;45136;881;126;6,28%;4,60%;0,10%
05/04/2023;36679,36599809;37116,78041872;;;0%;1%;90%;104%;16%;5;4;5;7544233,613;1574316,401;17281;878;126;3,86%;5,87%;0,30%
12/04/2023;35282,19766915;35702,95036299;;;0%;1%;90%;99%;10%;5;5;5;7767796,217;1788221,047;19027;871;125;3,89%;5,50%;0,40%
19/04/2023;19652,63635108;19887,00099478;;;0%;1%;90%;124%;38%;3;2;3;7971079,487;2013718,435;20532;868;126;29,14%;4,13%;0,30%
26/04/2023;28305,79998168;28643,35666410; 2 691 365 ; 2 712 072 ;1%;1%;90%;101%;12%;4;2;2;7541254,109;1610414,872;26062;889;128;21,82%;4,12%;0,10%
03/05/2023;24751,09499062;29067,09936400;;;0%;17%;91%;98%;8%;4;4;5;8093075,451;1515641,615;44793;888;128;4,05%;5,58%;0,39%
10/05/2023;30162,96506792;35422,67132320;;;0%;17%;91%;98%;8%;5;5;5;7895569,621;1496274,17;23105;931;128;4,06%;5,90%;0,38%
17/05/2023;30218,84838526;35488,29936667;;;0%;17%;91%;98%;8%;5;5;5;7921968,654;1505347,685;17534;938;128;5,33%;4,52%;0,56%
24/05/2023;31213,49471534;36656,38844392;;;0%;17%;91%;99%;9%;5,5;5;5;8030110,184;1635677,173;20122;939;129;3,69%;3,69%;0,28%
31/05/2023;18417,59684086;21629,18923880; 2 995 365 ; 3 403 692 ;14%;17%;91%;105%;16%;5,5;0;0;7870876,749;1586673,706;48184;953;129;4,39%;4,72%;0,55%
07/06/2023;58235,46294079;50544,42117890;;;0%;-13%;91%;99%;8%;5,3;5;5;7916722,867;1789457,891;18614;952;130;5,11%;3,84%;0,92%
14/06/2023;41607,83597354;36112,77183333;;;0%;-13%;91%;99%;9%;5,3;5;5;8537726,334;1992279,676;22784;944;130;4,80%;4,33%;0,74%
21/06/2023;42447,70108567;36841,71763057;;;0%;-13%;91%;99%;9%;6,25;5;5;8281864,489;1988685,097;30302;941;130;4,97%;3,14%;0,19%
28/06/2023;0,00000000;0,00000000; 3 154 365 ; 2 769 242 ;-12%;0%;;0%;0%;0;5;5;8507728,17;2003848,412;77392;941;130;57,86%;1,49%;0,00%
05/07/2023;38117,38548156;31959,43659146;;;0%;-16%;92%;99%;8%;5;1;1;7601334,726;1265878,164;8339;942;130;9,61%;4,40%;0,00%
12/07/2023;38083,89500530;31931,35657655;;;0%;-16%;92%;99%;8%;5;3;4;7664201,543;1480331,654;5447;931;129;7,53%;4,83%;1,17%
19/07/2023;34359,83997483;28808,93096667;;;0%;-16%;92%;101%;10%;4;2;5;8064977,311;1404095,879;8851;928;129;5,76%;3,60%;0,32%
26/07/2023;34073,87953831;28569,16807834; 3 214 365 ; 2 680 391 ;-17%;-16%;92%;137%;48%;4;2;5;7754596,77;1374639,341;7674;921;129;24,70%;2,87%;0,66%
02/08/2023;0,00000000;0,00000000;;;0%;0%;0%;0%;0%;0;4;5;7499116,988;1354288,596;20389;913;129;53,64%;1,72%;0,10%
09/08/2023;0,00000000;0,00000000;;;0%;0%;0%;0%;0%;0;4;4;6631430,969;1144804,451;5577;911;130;91,05%;1,02%;0,00%
16/08/2023;9089,68366137;13231,67611893;;;0%;46%;89%;90%;1%;2;1;1;5873738,682;1098510,871;8604;909;130;52,79%;2,37%;0,10%
23/08/2023;22185,95688512;32295,66691523;;;0%;46%;89%;98%;11%;5;5;5;5570708,608;1144214,692;19810;907;130;7,90%;4,60%;1,05%
30/08/2023;17644,35945351;25684,55166454; 1 162 365 ; 1 507 509 ;30%;46%;89%;104%;17%;5;5;5;6055771,939;1653932,766;91328;899;130;5,76%;6,19%;0,87%
06/09/2023;42376,16965873;41191,61981265;;;0%;-3%;94%;103%;9%;5;5;5;5999504,267;2027829,468;9586;891;130;7,16%;4,97%;0,49%
13/09/2023;32579,59789567;31668,89364883;;;0%;-3%;94%;103%;9%;5,1;5;5;6007051,783;2050561,322;6092;890;129;7,86%;5,30%;0,00%
20/09/2023;32460,90317079;31553,51682218;;;0%;-3%;94%;100%;6%;5,1;0;0;5798036,407;1896944,186;13649;884;129;7,27%;5,08%;0,59%
27/09/2023;23823,32927481;23157,39081805; 2 923 365 ; 2 912 158 ;0%;-3%;94%;100%;7%;5,1;5;5;6487142,777;1926747,964;83235;878;129;9,62%;3,82%;0,69%
04/10/2023;34244,91151711;29615,48059053;;;0%;-14%;95%;99%;4%;4;5;5;5957554,145;1640911,063;1633;875;129;11,10%;3,64%;0,59%
11/10/2023;33660,43239125;29110,01483107;;;0%;-14%;95%;97%;2%;5;5;5;5926689,66;1695123,418;1306;878;129;11,48%;3,26%;0,00%
18/10/2023;34228,94336626;29601,67110933;;;0%;-14%;95%;102%;7%;5;5;5;5957512,707;1640845,575;14788;877;129;10,63%;3,64%;0,00%
25/10/2023;34516,71272537;29850,53809399; 3 048 365 ; 2 619 693 ;-14%;-14%;95%;101%;6%;5;2;2;6092547,579;1597028,738;4055;876;128;5,68%;3,06%;0,00%
01/11/2023;17653,11930060;18565,62446021;;;0%;5%;94%;100%;6%;5;2;3;6998496,313;1179095,48;72524;875;128;40,92%;3,28%;0,00%
08/11/2023;30056,60180648;31610,25381333;;;0%;5%;94%;102%;8%;3;5;5;6748952,328;1341347,626;857;875;128;6,42%;3,35%;0,00%
15/11/2023;29793,46482384;31333,51505017;;;0%;5%;94%;102%;8%;5;5;5;7572793,064;1568455,989;2764;871;128;6,25%;3,60%;0,40%
22/11/2023;29269,46566860;30782,42992079;;;0%;5%;94%;102%;8%;5;5;5;7485804,028;1532079,13;9398;867;129;9,65%;2,72%;0,10%
29/11/2023;25394,34840047;26707,00445551; 2 971 365 ; 3 057 654 ;3%;5%;94%;111%;18%;5;5;5;7392871,382;1585693,141;33534;865;129;13,00%;3,46%;0,00%
06/12/2023;55278,13104366;34601,16545000;;;0%;-37%;94%;102%;9%;5;5;5;7141760,102;1559781,673;816;867;129;5,55%;2,96%;0,00%
13/12/2023;45241,86895634;28319,00000000;;;0%;-37%;94%;102%;9%;5;5;5;7402054,796;1654851,434;1898;;;;;
20/12/2023;0,00000000;0,00000000;;;0%;0%;;;0%;1;3;0;;;2665;;;;;
27/12/2023;0,00000000;0,00000000;;;0%;0%;;;0%;0;0;0;;;65;;;;;
;;;;;;;;;;;;;;;;;;;;
;;;;;;;;;;;;;;;;;;;;
;;;;;;;;;;;;;;;;;;;;
;;;;;;;;;;;;;;;;;;;;
;;;;;;;;;;;;;;;;;;;;
;;;;;;;;;;;;;;;;;;;;
;;;;;;;;;;;;;;;;;;;;
;;;;;;;;;;;;;;;;;;;;
;;;;;;;;;;;;;;;;;;;;
;;;;;;;;;;;;;;;;;;;;
;;;;;;;;;;;;;;;;;;;;
;;;;;;;;;;;;;;;;;;;;
;;;;;;;;;;;;;;;;;;;;
;;;;;;;;;;;;;;;;;;;;
;;;;;;;;;;;;;;;;;;;;
;;;;;;;;;;;;;;;;;;;;
;;;;;;;;;;;;;;;;;;;;
;;;;;;;;;;;;;;;;;;;;
;;;;;;;;;;;;;;;;;;;;
;;;;;;;;;;;;;;;;;;;;
;;;;;;;;;;;;;;;;;;;;
;;;;;;;;;;;;;;;;;;;;
;;;;;;;;;;;;;;;;;;;;
;;;;;;;;;;;;;;;;;;;;
;;;;;;;;;;;;;;;;;;;;
;;;;;;;;;;;;;;;;;;;;
;;;;;;;;;;;;;;;;;;;;
;;;;;;;;;;;;;;;;;;;;
;;;;;;;;;;;;;;;;;;;;
;;;;;;;;;;;;;;;;;;;;
;;;;;;;;;;;;;;;;;;;;
;;;;;;;;;;;;;;;;;;;;
;;;;;;;;;;;;;;;;;;;;
;;;;;;;;;;;;;;;;;;;;
;;;;;;;;;;;;;;;;;;;;
;;;;;;;;;;;;;;;;;;;;
;;;;;;;;;;;;;;;;;;;;
;;;;;;;;;;;;;;;;;;;;
;;;;;;;;;;;;;;;;;;;;
;;;;;;;;;;;;;;;;;;;;
